Year,Region,Ranger_unit,Fire_name,Start,Contained,DPA,CDF_acres_burned,Other_acres_burned,Veg_type,Cause,Destroyed_structures,Damaged_structures,Firefighter_fatalities,Civilian_fatalities
1994,Coast,Klamath NF,Dillon Complex,7/20/1994,8/18/1994,USFS,,28953,N/A,Lightning,0,0,0,0
1994,Coast,Mendocino ANF-3414,Fish,8/15/1994,8/18/1994,CDF,635,,T,Equip. Use,0,0,0,0
1994,Coast,Mendocino NF,Sugarfoot,8/27/1994,,USFS,,2788,N/A,N/A,0,0,0,0
1994,Coast,Klamath NF,Specimen,9/17/1994,,USFS,,6463,N/A,Lightning,0,0,0,0
1994,Cascade,Shasta-Trinity,Schindel Escape,4/4/1994,4/5/1994,CDF,670,,B,Arson,0,0,0,0
1994,Cascade,Plumas NF,,6/3/1994,6/4/1994,USFS,,2000,N/A,N/A,0,0,0,0
1994,Cascade,Butte,Raulson,6/30/1994,7/1/1994,CDF,1000,,W,Equipment,13,0,0,0
1994,Cascade,Shasta-Trinity,Browns,7/12/1994,7/14/1994,CDF,1650,,TB,Vehicle,4,1,0,0
1994,Cascade,Lassen-Modoc,Lightning #58,7/23/1994,7/23/1994,CDF,1550,,G,Lightning,0,0,0,0
1994,Cascade,Tahoe NF (USFS Assist),Crystal,8/4/1994,8/7/1994,USFS,,7310,N/A,Equip. Use,0,0,0,0
1994,Cascade,Nevada-Yuba-Placer,PG&E (Trauner),8/7/1994,8/8/1994,CDF,500,,TWB,Elec. Pow.,0,34,0,0
1994,Cascade,Nevada-Yuba-Placer,Hirschdale,8/11/1994,8/14/1994,CDF,325,,B,Elec. Pow.,0,0,0,0
1994,Cascade,Lassen-Modoc,Widow,8/17/1994,8/17/1994,CDF,350,,T,Vehicle,0,0,0,0
1994,Cascade,Tahoe NF,Cottonwood,8/16/1994,8/24/1994,USFS,,43800,N/A,N/A,0,0,0,0
1994,Cascade,Nevada-Yuba-Placer,Bridge,8/24/1994,8/24/1994,CDF,310,,B,Undet.,0,0,0,0
1994,Cascade,Lassen NF,Barkley,9/18/1994,9/24/1994,CDF,12462,27938,G,Lightning,0,0,0,0
1994,Cascade,Butte,Barkley,9/18/1994,9/24/1994,CDF,1818,,TB,Lightning,0,0,0,0
1994,Cascade,Lassen-Modoc,Lightning 66,9/18/1994,9/24/1994,CDF,1025,,TB,Lightning,0,0,0,0
1994,South,Riverside,Local,4/8/1994,4/8/1994,LOCAL,,1400,B,Undet.,0,0,0,0
1994,South,San Luis Obispo,Assist #22 (Soda),5/23/1994,5/23/1994,BLM,,3380,N/A,Equipment,0,0,0,0
1994,South,San Luis Obispo,Branch,6/18/1994,6/18/1994,LOCAL,,2400,G/AGPROD,Equipment,0,0,0,0
1994,South,San Luis Obispo,Hwy 41,6/20/1994,6/20/1994,CDF,1920,,G,Undet.,0,0,0,0
1994,South,San Diego,San Felipe,6/20/1994,6/21/1994,CDF,740,,B,Vehicle,0,0,0,0
1994,South,Angeles NF,Scout,6/25/1994,6/29/1994,USFS,,3023,N/A,Campfire,9,0,0,0
1994,South,Angeles NF,Shooting,6/25/1994,6/25/1994,USFS,,3490,N/A,N/A,0,0,0,0
1994,South,Riverside,State (Bailey),6/25/1994,6/30/1994,CDF,7000,,GB,Equipment,8,2,0,0
1994,South,Cleveland NF,Second,6/26/1994,,USFS,,4900,N/A,N/A,0,0,0,0
1994,South,Sequoia NF,Lucas Complex,1/5/1900,,USFS,,8464,N/A,Lightning,40,0,0,0
1994,South,Riverside,Gibbel,6/27/1994,6/28/1994,CDF,818,,B,Arson,0,0,0,0
1994,South,Riverside,Fairview,6/27/1994,6/29/1994,CDF,1760,,B,Arson,0,0,0,0
1994,South,Riverside,Gilman,6/27/1994,7/1/1994,CDF,1864,,GB,Arson,0,0,0,0
1994,South,Riverside,Matthew,6/27/1994,6/29/1994,BIA,,350,B,Debris,0,0,0,0
1994,South,San Bernardino,Piute,6/28/1994,6/28/1994,BLM,,3500,N/A,Lightning,0,0,0,0
1994,South,Riverside,BDF 5587,7/1/1994,7/3/1994,USFS,,19200,N/A,Lightning,14,7,0,0
1994,South,San Bernardino,Devils,7/3/1994,7/6/1994,USFS,1400,10838,B,Lightning,Yes,Yes,0,0
1994,South,Riverside,State,7/11/1994,7/12/1994,CDF,1000,,B,Arson,1,0,0,0
1994,South,Riverside,Gilman Fire,7/24/1994,7/24/1994,CDF,1905,,G,Arson,0,0,0,0
1994,South,Santa Barbara Co. #328,Alsio,7/30/1994,8/1/1994,CC,,3129,W,N/A,0,0,0,0
1994,South,Riverside,Highway 74,8/6/1994,8/7/1994,CDF,1150,,B,Lightning,0,0,0,0
1994,South,San Diego,Assist 42,8/9/1994,8/9/1994,USFS,,500,B,Undet.,0,0,0,0
1994,South,San Bernardino,Assist/Opal #2,8/13/1994,8/13/1994,BLM,,4000,N/A,Lightning,0,0,0,0
1994,South,San Bernardino NF,Complex,8/13/1994,8/13/1994,USFS,,1800,N/A,Lightning,0,0,0,0
1994,South,San Luis Obispo,Hwy 41,8/14/1994,8/19/1994,CDF,48531,,B,Arson,37,0,0,0
1994,South,Riverside,State (Esperanza),8/21/1994,8/23/1994,CDF,657,,B,Arson,0,0,0,0
1994,South,Santa Barbara County,Spanish,9/8/1994,9/9/1994,CC,,2123,N/A,N/A,0,0,0,0
1994,South,San Diego,La Posta,9/9/1994,9/10/1994,CDF,330,,B,Munition,0,0,0,0
1994,South,San Diego,Rodriquez,9/16/1994,9/16/1994,CDF,687,,B,Undet.,0,0,0,0
1994,South,San Diego,Otay #4,10/9/1994,10/10/1994,CDF,2550,,B,Campfire,0,0,0,0
1994,South,San Luis Obispo,Assist #79,10/9/1994,10/11/1994,CC,,2546,BG,PWF,0,0,0,0
1994,South,San Diego,Scissors #2,10/30/1994,10/30/1994,CDF,400,,B,Vehicle,0,0,0,0
1994,Sierra,Kern,Lakeland,6/14/1994,6/14/1994,CC,,2400,N/A,N/A,8,6,0,0
1994,Sierra,Kern County,White Blanket,6/21/1994,6/25/1994,CC,,2505,N/A,N/A,0,0,0,0
1994,Sierra,Madera-Mariposa,Hunter,6/26/1994,6/28/1994,CDF,715,,GB,Undet.,0,0,0,0
1994,Sierra,Tuolumne-Calaveras,Copper #8,6/29/1994,6/29/1994,CDF,2100,,W,Vehicle,0,0,0,0
1994,Sierra,Amador-El Dorado,Assist (Kelsey),8/7/1994,8/7/1994,CDF,860,,T,Arson,33,0,0,0
1994,Sierra,Tuolumne-Calaveras,Creek,8/9/1994,8/14/1994,CDF,442,,TB,Smoking,3,0,0,0
1994,Sierra,Yosemite NP,Horizon,8/12/1994,8/15/1994,NPS,,3750,N/A,Lightning,0,0,0,0
1994,Sierra,Sequoia NF,Big Creek,8/24/1994,8/30/1994,USFS,,5250,N/A,N/A,0,0,0,0